id,name,firstName,lastName,party,state,district,chamber,title,url,inOffice,lastUpdated
G000590,"Green, Mark E.",Mark E.,Green,Republican,Tennessee,7,House of Representatives,Representative,https://api.congress.gov/v3/member/G000590?format=json,True,2025-07-30T04:06:25.436187
C000488,"Clay, William (Bill)",William (Bill),Clay,Democratic,Missouri,1,House of Representatives,Representative,https://api.congress.gov/v3/member/C000488?format=json,True,2025-07-30T04:06:25.436200
M001233,"Messmer, Mark B.",Mark B.,Messmer,Republican,Indiana,8,House of Representatives,Representative,https://api.congress.gov/v3/member/M001233?format=json,True,2025-07-30T04:06:25.436204
M000309,"McCarthy, Carolyn",Carolyn,McCarthy,Democratic,New York,4,House of Representatives,Representative,https://api.congress.gov/v3/member/M000309?format=json,True,2025-07-30T04:06:25.436207
W000520,"Williams, Pat",Pat,Williams,Democratic,Montana,,House of Representatives,Representative,https://api.congress.gov/v3/member/W000520?format=json,True,2025-07-30T04:06:25.436211
F000460,"Farenthold, Blake",Blake,Farenthold,Republican,Texas,27,House of Representatives,Representative,https://api.congress.gov/v3/member/F000460?format=json,True,2025-07-30T04:06:25.436214
N000019,"Nedzi, Lucien N.",Lucien N.,Nedzi,Democratic,Michigan,14,House of Representatives,Representative,https://api.congress.gov/v3/member/N000019?format=json,True,2025-07-30T04:06:25.436217
R000617,"Ramirez, Delia C.",Delia C.,Ramirez,Democratic,Illinois,3,House of Representatives,Representative,https://api.congress.gov/v3/member/R000617?format=json,True,2025-07-30T04:06:25.436220
S001232,"Sheehy, Tim",Tim,Sheehy,Republican,Montana,,Senate,Senator,https://api.congress.gov/v3/member/S001232?format=json,True,2025-07-30T04:06:25.436223
L000570,"Luján, Ben Ray",Ben Ray,Luján,Democratic,New Mexico,,Senate,Senator,https://api.congress.gov/v3/member/L000570?format=json,True,2025-07-30T04:06:25.436227
H001089,"Hawley, Josh",Josh,Hawley,Republican,Missouri,,Senate,Senator,https://api.congress.gov/v3/member/H001089?format=json,True,2025-07-30T04:06:25.436230
R000053,"Rangel, Charles B.",Charles B.,Rangel,Democratic,New York,13,House of Representatives,Representative,https://api.congress.gov/v3/member/R000053?format=json,True,2025-07-30T04:06:25.436233
W000800,"Welch, Peter",Peter,Welch,Democratic,Vermont,,Senate,Senator,https://api.congress.gov/v3/member/W000800?format=json,True,2025-07-30T04:06:25.436235
C001078,"Connolly, Gerald E.",Gerald E.,Connolly,Democratic,Virginia,11,House of Representatives,Representative,https://api.congress.gov/v3/member/C001078?format=json,True,2025-07-30T04:06:25.436238
M001242,"Moreno, Bernie",Bernie,Moreno,Republican,Ohio,,Senate,Senator,https://api.congress.gov/v3/member/M001242?format=json,True,2025-07-30T04:06:25.436241
B000611,"Bond, Christopher S.",Christopher S.,Bond,Republican,Missouri,,Senate,Senator,https://api.congress.gov/v3/member/B000611?format=json,True,2025-07-30T04:06:25.436244
M001229,"McIver, LaMonica",LaMonica,McIver,Democratic,New Jersey,10,House of Representatives,Representative,https://api.congress.gov/v3/member/M001229?format=json,True,2025-07-30T04:06:25.436246
H001085,"Houlahan, Chrissy",Chrissy,Houlahan,Democratic,Pennsylvania,6,House of Representatives,Representative,https://api.congress.gov/v3/member/H001085?format=json,True,2025-07-30T04:06:25.436249
M001244,"Moody, Ashley",Ashley,Moody,Republican,Florida,,Senate,Senator,https://api.congress.gov/v3/member/M001244?format=json,True,2025-07-30T04:06:25.436252
M000566,"McMillan, J. Alex",J. Alex,McMillan,Republican,North Carolina,9,House of Representatives,Representative,https://api.congress.gov/v3/member/M000566?format=json,True,2025-07-30T04:06:25.436255
S001101,"Sweeney, David McCann",David McCann,Sweeney,Republican,Texas,14,House of Representatives,Representative,https://api.congress.gov/v3/member/S001101?format=json,True,2025-07-30T04:06:25.436257
F000116,"Filner, Bob",Bob,Filner,Democratic,California,51,House of Representatives,Representative,https://api.congress.gov/v3/member/F000116?format=json,True,2025-07-30T04:06:25.436260
M001226,"Menendez, Robert",Robert,Menendez,Democratic,New Jersey,8,House of Representatives,Representative,https://api.congress.gov/v3/member/M001226?format=json,True,2025-07-30T04:06:25.436263
F000477,"Foushee, Valerie P.",Valerie P.,Foushee,Democratic,North Carolina,4,House of Representatives,Representative,https://api.congress.gov/v3/member/F000477?format=json,True,2025-07-30T04:06:25.436265
T000488,"Thanedar, Shri",Shri,Thanedar,Democratic,Michigan,13,House of Representatives,Representative,https://api.congress.gov/v3/member/T000488?format=json,True,2025-07-30T04:06:25.436268
P000622,"Patronis, Jimmy",Jimmy,Patronis,Republican,Florida,1,House of Representatives,Representative,https://api.congress.gov/v3/member/P000622?format=json,True,2025-07-30T04:06:25.436271
F000484,"Fine, Randy",Randy,Fine,Republican,Florida,6,House of Representatives,Representative,https://api.congress.gov/v3/member/F000484?format=json,True,2025-07-30T04:06:25.436273
S001221,"Scholten, Hillary J.",Hillary J.,Scholten,Democratic,Michigan,3,House of Representatives,Representative,https://api.congress.gov/v3/member/S001221?format=json,True,2025-07-30T04:06:25.436276
J000299,"Johnson, Mike",Mike,Johnson,Republican,Louisiana,4,House of Representatives,Representative,https://api.congress.gov/v3/member/J000299?format=json,True,2025-07-30T04:06:25.436278
R000621,"Randall, Emily",Emily,Randall,Democratic,Washington,6,House of Representatives,Representative,https://api.congress.gov/v3/member/R000621?format=json,True,2025-07-30T04:06:25.436281
M001235,"Moore, Riley M.",Riley M.,Moore,Republican,West Virginia,2,House of Representatives,Representative,https://api.congress.gov/v3/member/M001235?format=json,True,2025-07-30T04:06:25.436284
B001322,"Baumgartner, Michael",Michael,Baumgartner,Republican,Washington,5,House of Representatives,Representative,https://api.congress.gov/v3/member/B001322?format=json,True,2025-07-30T04:06:25.436286
W000829,"Wied, Tony",Tony,Wied,Republican,Wisconsin,8,House of Representatives,Representative,https://api.congress.gov/v3/member/W000829?format=json,True,2025-07-30T04:06:25.436289
V000135,"Van Orden, Derrick",Derrick,Van Orden,Republican,Wisconsin,3,House of Representatives,Representative,https://api.congress.gov/v3/member/V000135?format=json,True,2025-07-30T04:06:25.436292
G000600,"Perez, Marie Gluesenkamp",Marie Gluesenkamp,Perez,Democratic,Washington,3,House of Representatives,Representative,https://api.congress.gov/v3/member/G000600?format=json,True,2025-07-30T04:06:25.436294
H001096,"Hageman, Harriet M.",Harriet M.,Hageman,Republican,Wyoming,,House of Representatives,Representative,https://api.congress.gov/v3/member/H001096?format=json,True,2025-07-30T04:06:25.436297
B001318,"Balint, Becca",Becca,Balint,Democratic,Vermont,,House of Representatives,Representative,https://api.congress.gov/v3/member/B001318?format=json,True,2025-07-30T04:06:25.436300
S001159,"Strickland, Marilyn",Marilyn,Strickland,Democratic,Washington,10,House of Representatives,Representative,https://api.congress.gov/v3/member/S001159?format=json,True,2025-07-30T04:06:25.436302
F000471,"Fitzgerald, Scott",Scott,Fitzgerald,Republican,Wisconsin,5,House of Representatives,Representative,https://api.congress.gov/v3/member/F000471?format=json,True,2025-07-30T04:06:25.436305
T000165,"Tiffany, Thomas P.",Thomas P.,Tiffany,Republican,Wisconsin,7,House of Representatives,Representative,https://api.congress.gov/v3/member/T000165?format=json,True,2025-07-30T04:06:25.436308
M001205,"Miller, Carol D.",Carol D.,Miller,Republican,West Virginia,1,House of Representatives,Representative,https://api.congress.gov/v3/member/M001205?format=json,True,2025-07-30T04:06:25.436311
S001213,"Steil, Bryan",Bryan,Steil,Republican,Wisconsin,1,House of Representatives,Representative,https://api.congress.gov/v3/member/S001213?format=json,True,2025-07-30T04:06:25.436314
S001216,"Schrier, Kim",Kim,Schrier,Democratic,Washington,8,House of Representatives,Representative,https://api.congress.gov/v3/member/S001216?format=json,True,2025-07-30T04:06:25.436317
J000298,"Jayapal, Pramila",Pramila,Jayapal,Democratic,Washington,7,House of Representatives,Representative,https://api.congress.gov/v3/member/J000298?format=json,True,2025-07-30T04:06:25.436319
G000576,"Grothman, Glenn",Glenn,Grothman,Republican,Wisconsin,6,House of Representatives,Representative,https://api.congress.gov/v3/member/G000576?format=json,True,2025-07-30T04:06:25.436322
N000189,"Newhouse, Dan",Dan,Newhouse,Republican,Washington,4,House of Representatives,Representative,https://api.congress.gov/v3/member/N000189?format=json,True,2025-07-30T04:06:25.436325
P000610,"Plaskett, Stacey E.",Stacey E.,Plaskett,Democratic,Virgin Islands,,House of Representatives,Representative,https://api.congress.gov/v3/member/P000610?format=json,True,2025-07-30T04:06:25.436327
P000607,"Pocan, Mark",Mark,Pocan,Democratic,Wisconsin,2,House of Representatives,Representative,https://api.congress.gov/v3/member/P000607?format=json,True,2025-07-30T04:06:25.436330
D000617,"DelBene, Suzan K.",Suzan K.,DelBene,Democratic,Washington,1,House of Representatives,Representative,https://api.congress.gov/v3/member/D000617?format=json,True,2025-07-30T04:06:25.436333
S000510,"Smith, Adam",Adam,Smith,Democratic,Washington,9,House of Representatives,Representative,https://api.congress.gov/v3/member/S000510?format=json,True,2025-07-30T04:06:25.436335
M001160,"Moore, Gwen",Gwen,Moore,Democratic,Wisconsin,4,House of Representatives,Representative,https://api.congress.gov/v3/member/M001160?format=json,True,2025-07-30T04:06:25.436338
L000560,"Larsen, Rick",Rick,Larsen,Democratic,Washington,2,House of Representatives,Representative,https://api.congress.gov/v3/member/L000560?format=json,True,2025-07-30T04:06:25.436341
V000138,"Vindman, Eugene Simon",Eugene Simon,Vindman,Democratic,Virginia,7,House of Representatives,Representative,https://api.congress.gov/v3/member/V000138?format=json,True,2025-07-30T04:06:25.436343
S001230,"Subramanyam, Suhas",Suhas,Subramanyam,Democratic,Virginia,10,House of Representatives,Representative,https://api.congress.gov/v3/member/S001230?format=json,True,2025-07-30T04:06:25.436346
M001239,"McGuire, John J.",John J.,McGuire,Republican,Virginia,5,House of Representatives,Representative,https://api.congress.gov/v3/member/M001239?format=json,True,2025-07-30T04:06:25.436349
K000403,"Kennedy, Mike",Mike,Kennedy,Republican,Utah,3,House of Representatives,Representative,https://api.congress.gov/v3/member/K000403?format=json,True,2025-07-30T04:06:25.436352
J000310,"Johnson, Julie",Julie,Johnson,Democratic,Texas,32,House of Representatives,Representative,https://api.congress.gov/v3/member/J000310?format=json,True,2025-07-30T04:06:25.436354
G000603,"Gill, Brandon",Brandon,Gill,Republican,Texas,26,House of Representatives,Representative,https://api.congress.gov/v3/member/G000603?format=json,True,2025-07-30T04:06:25.436357
M001228,"Maloy, Celeste",Celeste,Maloy,Republican,Utah,2,House of Representatives,Representative,https://api.congress.gov/v3/member/M001228?format=json,True,2025-07-30T04:06:25.436364
M001227,"McClellan, Jennifer L.",Jennifer L.,McClellan,Democratic,Virginia,4,House of Representatives,Representative,https://api.congress.gov/v3/member/M001227?format=json,True,2025-07-30T04:06:25.436367
K000399,"Kiggans, Jennifer A.",Jennifer A.,Kiggans,Republican,Virginia,2,House of Representatives,Representative,https://api.congress.gov/v3/member/K000399?format=json,True,2025-07-30T04:06:25.436370
H001095,"Hunt, Wesley",Wesley,Hunt,Republican,Texas,38,House of Representatives,Representative,https://api.congress.gov/v3/member/H001095?format=json,True,2025-07-30T04:06:25.436400
C001130,"Crockett, Jasmine",Jasmine,Crockett,Democratic,Texas,30,House of Representatives,Representative,https://api.congress.gov/v3/member/C001130?format=json,True,2025-07-30T04:06:25.436406
C001131,"Casar, Greg",Greg,Casar,Democratic,Texas,35,House of Representatives,Representative,https://api.congress.gov/v3/member/C001131?format=json,True,2025-07-30T04:06:25.436412
V000134,"Van Duyne, Beth",Beth,Van Duyne,Republican,Texas,24,House of Representatives,Representative,https://api.congress.gov/v3/member/V000134?format=json,True,2025-07-30T04:06:25.436414
O000086,"Owens, Burgess",Burgess,Owens,Republican,Utah,4,House of Representatives,Representative,https://api.congress.gov/v3/member/O000086?format=json,True,2025-07-30T04:06:25.436418
N000026,"Nehls, Troy E.",Troy E.,Nehls,Republican,Texas,22,House of Representatives,Representative,https://api.congress.gov/v3/member/N000026?format=json,True,2025-07-30T04:06:25.436420
M001213,"Moore, Blake D.",Blake D.,Moore,Republican,Utah,1,House of Representatives,Representative,https://api.congress.gov/v3/member/M001213?format=json,True,2025-07-30T04:06:25.436423
G000594,"Gonzales, Tony",Tony,Gonzales,Republican,Texas,23,House of Representatives,Representative,https://api.congress.gov/v3/member/G000594?format=json,True,2025-07-30T04:06:25.436426
C001118,"Cline, Ben",Ben,Cline,Republican,Virginia,6,House of Representatives,Representative,https://api.congress.gov/v3/member/C001118?format=json,True,2025-07-30T04:06:25.436429
G000587,"Garcia, Sylvia R.",Sylvia R.,Garcia,Democratic,Texas,29,House of Representatives,Representative,https://api.congress.gov/v3/member/G000587?format=json,True,2025-07-30T04:06:25.436432
R000614,"Roy, Chip",Chip,Roy,Republican,Texas,21,House of Representatives,Representative,https://api.congress.gov/v3/member/R000614?format=json,True,2025-07-30T04:06:25.436434
C001115,"Cloud, Michael",Michael,Cloud,Republican,Texas,27,House of Representatives,Representative,https://api.congress.gov/v3/member/C001115?format=json,True,2025-07-30T04:06:25.436437
G000581,"Gonzalez, Vicente",Vicente,Gonzalez,Democratic,Texas,34,House of Representatives,Representative,https://api.congress.gov/v3/member/G000581?format=json,True,2025-07-30T04:06:25.436440
B001292,"Beyer, Donald S.",Donald S.,Beyer,Democratic,Virginia,8,House of Representatives,Representative,https://api.congress.gov/v3/member/B001292?format=json,True,2025-07-30T04:06:25.436442
B001291,"Babin, Brian",Brian,Babin,Republican,Texas,36,House of Representatives,Representative,https://api.congress.gov/v3/member/B001291?format=json,True,2025-07-30T04:06:25.436445
V000131,"Veasey, Marc A.",Marc A.,Veasey,Democratic,Texas,33,House of Representatives,Representative,https://api.congress.gov/v3/member/V000131?format=json,True,2025-07-30T04:06:25.436448
W000816,"Williams, Roger",Roger,Williams,Republican,Texas,25,House of Representatives,Representative,https://api.congress.gov/v3/member/W000816?format=json,True,2025-07-30T04:06:25.436451
W000804,"Wittman, Robert J.",Robert J.,Wittman,Republican,Virginia,1,House of Representatives,Representative,https://api.congress.gov/v3/member/W000804?format=json,True,2025-07-30T04:06:25.436454
G000568,"Griffith, H. Morgan",H. Morgan,Griffith,Republican,Virginia,9,House of Representatives,Representative,https://api.congress.gov/v3/member/G000568?format=json,True,2025-07-30T04:06:25.436458
S000185,"Scott, Robert C. ""Bobby""","Robert C. ""Bobby""",Scott,Democratic,Virginia,3,House of Representatives,Representative,https://api.congress.gov/v3/member/S000185?format=json,True,2025-07-30T04:06:25.436461
C001063,"Cuellar, Henry",Henry,Cuellar,Democratic,Texas,28,House of Representatives,Representative,https://api.congress.gov/v3/member/C001063?format=json,True,2025-07-30T04:06:25.436464
C001051,"Carter, John R.",John R.,Carter,Republican,Texas,31,House of Representatives,Representative,https://api.congress.gov/v3/member/C001051?format=json,True,2025-07-30T04:06:25.436466
D000399,"Doggett, Lloyd",Lloyd,Doggett,Democratic,Texas,37,House of Representatives,Representative,https://api.congress.gov/v3/member/D000399?format=json,True,2025-07-30T04:06:25.436469
G000601,"Goldman, Craig A.",Craig A.,Goldman,Republican,Texas,12,House of Representatives,Representative,https://api.congress.gov/v3/member/G000601?format=json,True,2025-07-30T04:06:25.436472
B001325,"Biggs, Sheri",Sheri,Biggs,Republican,South Carolina,3,House of Representatives,Representative,https://api.congress.gov/v3/member/B001325?format=json,True,2025-07-30T04:06:25.436474
S001224,"Self, Keith",Keith,Self,Republican,Texas,3,House of Representatives,Representative,https://api.congress.gov/v3/member/S001224?format=json,True,2025-07-30T04:06:25.436477
O000175,"Ogles, Andrew",Andrew,Ogles,Republican,Tennessee,5,House of Representatives,Representative,https://api.congress.gov/v3/member/O000175?format=json,True,2025-07-30T04:06:25.436481
M001224,"Moran, Nathaniel",Nathaniel,Moran,Republican,Texas,1,House of Representatives,Representative,https://api.congress.gov/v3/member/M001224?format=json,True,2025-07-30T04:06:25.436484
L000603,"Luttrell, Morgan",Morgan,Luttrell,Republican,Texas,8,House of Representatives,Representative,https://api.congress.gov/v3/member/L000603?format=json,True,2025-07-30T04:06:25.436488
F000478,"Fry, Russell",Russell,Fry,Republican,South Carolina,7,House of Representatives,Representative,https://api.congress.gov/v3/member/F000478?format=json,True,2025-07-30T04:06:25.436490
D000594,"De La Cruz, Monica",Monica,De La Cruz,Republican,Texas,15,House of Representatives,Representative,https://api.congress.gov/v3/member/D000594?format=json,True,2025-07-30T04:06:25.436493
E000071,"Ellzey, Jake",Jake,Ellzey,Republican,Texas,6,House of Representatives,Representative,https://api.congress.gov/v3/member/E000071?format=json,True,2025-07-30T04:06:25.436496
P000048,"Pfluger, August",August,Pfluger,Republican,Texas,11,House of Representatives,Representative,https://api.congress.gov/v3/member/P000048?format=json,True,2025-07-30T04:06:25.436499
J000304,"Jackson, Ronny",Ronny,Jackson,Republican,Texas,13,House of Representatives,Representative,https://api.congress.gov/v3/member/J000304?format=json,True,2025-07-30T04:06:25.436501
H001086,"Harshbarger, Diana",Diana,Harshbarger,Republican,Tennessee,1,House of Representatives,Representative,https://api.congress.gov/v3/member/H001086?format=json,True,2025-07-30T04:06:25.436504
F000246,"Fallon, Pat",Pat,Fallon,Republican,Texas,4,House of Representatives,Representative,https://api.congress.gov/v3/member/F000246?format=json,True,2025-07-30T04:06:25.436507
E000299,"Escobar, Veronica",Veronica,Escobar,Democratic,Texas,16,House of Representatives,Representative,https://api.congress.gov/v3/member/E000299?format=json,True,2025-07-30T04:06:25.436509
F000468,"Fletcher, Lizzie",Lizzie,Fletcher,Democratic,Texas,7,House of Representatives,Representative,https://api.congress.gov/v3/member/F000468?format=json,True,2025-07-30T04:06:25.436512
G000589,"Gooden, Lance",Lance,Gooden,Republican,Texas,5,House of Representatives,Representative,https://api.congress.gov/v3/member/G000589?format=json,True,2025-07-30T04:06:25.436515
C001120,"Crenshaw, Dan",Dan,Crenshaw,Republican,Texas,2,House of Representatives,Representative,https://api.congress.gov/v3/member/C001120?format=json,True,2025-07-30T04:06:25.436519
R000612,"Rose, John W.",John W.,Rose,Republican,Tennessee,6,House of Representatives,Representative,https://api.congress.gov/v3/member/R000612?format=json,True,2025-07-30T04:06:25.436522
B001309,"Burchett, Tim",Tim,Burchett,Republican,Tennessee,2,House of Representatives,Representative,https://api.congress.gov/v3/member/B001309?format=json,True,2025-07-30T04:06:25.436525
J000301,"Johnson, Dusty",Dusty,Johnson,Republican,South Dakota,,House of Representatives,Representative,https://api.congress.gov/v3/member/J000301?format=json,True,2025-07-30T04:06:25.436527
T000480,"Timmons, William R.",William R.,Timmons,Republican,South Carolina,4,House of Representatives,Representative,https://api.congress.gov/v3/member/T000480?format=json,True,2025-07-30T04:06:25.436530
N000190,"Norman, Ralph",Ralph,Norman,Republican,South Carolina,5,House of Representatives,Representative,https://api.congress.gov/v3/member/N000190?format=json,True,2025-07-30T04:06:25.436532
A000375,"Arrington, Jodey C.",Jodey C.,Arrington,Republican,Texas,19,House of Representatives,Representative,https://api.congress.gov/v3/member/A000375?format=json,True,2025-07-30T04:06:25.436535
K000392,"Kustoff, David",David,Kustoff,Republican,Tennessee,8,House of Representatives,Representative,https://api.congress.gov/v3/member/K000392?format=json,True,2025-07-30T04:06:25.436538
C001091,"Castro, Joaquin",Joaquin,Castro,Democratic,Texas,20,House of Representatives,Representative,https://api.congress.gov/v3/member/C001091?format=json,True,2025-07-30T04:06:25.436541
W000814,"Weber, Randy K. Sr.",Randy K. Sr.,Weber,Republican,Texas,14,House of Representatives,Representative,https://api.congress.gov/v3/member/W000814?format=json,True,2025-07-30T04:06:25.436731
D000616,"DesJarlais, Scott",Scott,DesJarlais,Republican,Tennessee,4,House of Representatives,Representative,https://api.congress.gov/v3/member/D000616?format=json,True,2025-07-30T04:06:25.436734
F000459,"Fleischmann, Charles J. ""Chuck""","Charles J. ""Chuck""",Fleischmann,Republican,Tennessee,3,House of Representatives,Representative,https://api.congress.gov/v3/member/F000459?format=json,True,2025-07-30T04:06:25.436739
C001068,"Cohen, Steve",Steve,Cohen,Democratic,Tennessee,9,House of Representatives,Representative,https://api.congress.gov/v3/member/C001068?format=json,True,2025-07-30T04:06:25.436742
S000250,"Sessions, Pete",Pete,Sessions,Republican,Texas,17,House of Representatives,Representative,https://api.congress.gov/v3/member/S000250?format=json,True,2025-07-30T04:06:25.436745
M001157,"McCaul, Michael T.",Michael T.,McCaul,Republican,Texas,10,House of Representatives,Representative,https://api.congress.gov/v3/member/M001157?format=json,True,2025-07-30T04:06:25.436747
G000553,"Green, Al",Al,Green,Democratic,Texas,9,House of Representatives,Representative,https://api.congress.gov/v3/member/G000553?format=json,True,2025-07-30T04:06:25.436750
C000537,"Clyburn, James E.",James E.,Clyburn,Democratic,South Carolina,6,House of Representatives,Representative,https://api.congress.gov/v3/member/C000537?format=json,True,2025-07-30T04:06:25.436753
M001230,"Mackenzie, Ryan",Ryan,Mackenzie,Republican,Pennsylvania,7,House of Representatives,Representative,https://api.congress.gov/v3/member/M001230?format=json,True,2025-07-30T04:06:25.436755
H001103,"Hernández, Pablo Jose",Pablo Jose,Hernández,Democratic,Puerto Rico,,House of Representatives,Representative,https://api.congress.gov/v3/member/H001103?format=json,True,2025-07-30T04:06:25.436758
D000635,"Dexter, Maxine",Maxine,Dexter,Democratic,Oregon,3,House of Representatives,Representative,https://api.congress.gov/v3/member/D000635?format=json,True,2025-07-30T04:06:25.436761
B001327,"Bresnahan, Robert P.",Robert P.,Bresnahan,Republican,Pennsylvania,8,House of Representatives,Representative,https://api.congress.gov/v3/member/B001327?format=json,True,2025-07-30T04:06:25.436764
B001326,"Bynum, Janelle S.",Janelle S.,Bynum,Democratic,Oregon,5,House of Representatives,Representative,https://api.congress.gov/v3/member/B001326?format=json,True,2025-07-30T04:06:25.436767
A000380,"Amo, Gabe",Gabe,Amo,Democratic,Rhode Island,1,House of Representatives,Representative,https://api.congress.gov/v3/member/A000380?format=json,True,2025-07-30T04:06:25.436771
S001226,"Salinas, Andrea",Andrea,Salinas,Democratic,Oregon,6,House of Representatives,Representative,https://api.congress.gov/v3/member/S001226?format=json,True,2025-07-30T04:06:25.436774
M001223,"Magaziner, Seth",Seth,Magaziner,Democratic,Rhode Island,2,House of Representatives,Representative,https://api.congress.gov/v3/member/M001223?format=json,True,2025-07-30T04:06:25.436776
L000602,"Lee, Summer L.",Summer L.,Lee,Democratic,Pennsylvania,12,House of Representatives,Representative,https://api.congress.gov/v3/member/L000602?format=json,True,2025-07-30T04:06:25.436779
H001094,"Hoyle, Val T.",Val T.,Hoyle,Democratic,Oregon,4,House of Representatives,Representative,https://api.congress.gov/v3/member/H001094?format=json,True,2025-07-30T04:06:25.436782
D000530,"Deluzio, Christopher R.",Christopher R.,Deluzio,Democratic,Pennsylvania,17,House of Representatives,Representative,https://api.congress.gov/v3/member/D000530?format=json,True,2025-07-30T04:06:25.436785
B001317,"Brecheen, Josh",Josh,Brecheen,Republican,Oklahoma,2,House of Representatives,Representative,https://api.congress.gov/v3/member/B001317?format=json,True,2025-07-30T04:06:25.436787
M000194,"Mace, Nancy",Nancy,Mace,Republican,South Carolina,1,House of Representatives,Representative,https://api.congress.gov/v3/member/M000194?format=json,True,2025-07-30T04:06:25.436790
B000740,"Bice, Stephanie I.",Stephanie I.,Bice,Republican,Oklahoma,5,House of Representatives,Representative,https://api.congress.gov/v3/member/B000740?format=json,True,2025-07-30T04:06:25.436793
B000668,"Bentz, Cliff",Cliff,Bentz,Republican,Oregon,2,House of Representatives,Representative,https://api.congress.gov/v3/member/B000668?format=json,True,2025-07-30T04:06:25.436796
R000610,"Reschenthaler, Guy",Guy,Reschenthaler,Republican,Pennsylvania,14,House of Representatives,Representative,https://api.congress.gov/v3/member/R000610?format=json,True,2025-07-30T04:06:25.436798
J000302,"Joyce, John",John,Joyce,Republican,Pennsylvania,13,House of Representatives,Representative,https://api.congress.gov/v3/member/J000302?format=json,True,2025-07-30T04:06:25.436801
M001204,"Meuser, Daniel",Daniel,Meuser,Republican,Pennsylvania,9,House of Representatives,Representative,https://api.congress.gov/v3/member/M001204?format=json,True,2025-07-30T04:06:25.436804
D000631,"Dean, Madeleine",Madeleine,Dean,Democratic,Pennsylvania,4,House of Representatives,Representative,https://api.congress.gov/v3/member/D000631?format=json,True,2025-07-30T04:06:25.436806
H001082,"Hern, Kevin",Kevin,Hern,Republican,Oklahoma,1,House of Representatives,Representative,https://api.congress.gov/v3/member/H001082?format=json,True,2025-07-30T04:06:25.436809
S001205,"Scanlon, Mary Gay",Mary Gay,Scanlon,Democratic,Pennsylvania,5,House of Representatives,Representative,https://api.congress.gov/v3/member/S001205?format=json,True,2025-07-30T04:06:25.436811
S001199,"Smucker, Lloyd",Lloyd,Smucker,Republican,Pennsylvania,11,House of Representatives,Representative,https://api.congress.gov/v3/member/S001199?format=json,True,2025-07-30T04:06:25.436814
F000466,"Fitzpatrick, Brian K.",Brian K.,Fitzpatrick,Republican,Pennsylvania,1,House of Representatives,Representative,https://api.congress.gov/v3/member/F000466?format=json,True,2025-07-30T04:06:25.436817
E000296,"Evans, Dwight",Dwight,Evans,Democratic,Pennsylvania,3,House of Representatives,Representative,https://api.congress.gov/v3/member/E000296?format=json,True,2025-07-30T04:06:25.436819
B001296,"Boyle, Brendan F.",Brendan F.,Boyle,Democratic,Pennsylvania,2,House of Representatives,Representative,https://api.congress.gov/v3/member/B001296?format=json,True,2025-07-30T04:06:25.436822
P000605,"Perry, Scott",Scott,Perry,Republican,Pennsylvania,10,House of Representatives,Representative,https://api.congress.gov/v3/member/P000605?format=json,True,2025-07-30T04:06:25.436828
B001278,"Bonamici, Suzanne",Suzanne,Bonamici,Democratic,Oregon,1,House of Representatives,Representative,https://api.congress.gov/v3/member/B001278?format=json,True,2025-07-30T04:06:25.436831
K000376,"Kelly, Mike",Mike,Kelly,Republican,Pennsylvania,16,House of Representatives,Representative,https://api.congress.gov/v3/member/K000376?format=json,True,2025-07-30T04:06:25.436835
T000467,"Thompson, Glenn",Glenn,Thompson,Republican,Pennsylvania,15,House of Representatives,Representative,https://api.congress.gov/v3/member/T000467?format=json,True,2025-07-30T04:06:25.436838
L000491,"Lucas, Frank D.",Frank D.,Lucas,Republican,Oklahoma,3,House of Representatives,Representative,https://api.congress.gov/v3/member/L000491?format=json,True,2025-07-30T04:06:25.436841
C001053,"Cole, Tom",Tom,Cole,Republican,Oklahoma,4,House of Representatives,Representative,https://api.congress.gov/v3/member/C001053?format=json,True,2025-07-30T04:06:25.436843
W000795,"Wilson, Joe",Joe,Wilson,Republican,South Carolina,2,House of Representatives,Representative,https://api.congress.gov/v3/member/W000795?format=json,True,2025-07-30T04:06:25.436846
T000490,"Taylor, David J.",David J.,Taylor,Republican,Ohio,2,House of Representatives,Representative,https://api.congress.gov/v3/member/T000490?format=json,True,2025-07-30T04:06:25.436849
R000622,"Riley, Josh",Josh,Riley,Democratic,New York,19,House of Representatives,Representative,https://api.congress.gov/v3/member/R000622?format=json,True,2025-07-30T04:06:25.436852
M001231,"Mannion, John W.",John W.,Mannion,Democratic,New York,22,House of Representatives,Representative,https://api.congress.gov/v3/member/M001231?format=json,True,2025-07-30T04:06:25.436854
L000606,"Latimer, George",George,Latimer,Democratic,New York,16,House of Representatives,Representative,https://api.congress.gov/v3/member/L000606?format=json,True,2025-07-30T04:06:25.436857
R000619,"Rulli, Michael A.",Michael A.,Rulli,Republican,Ohio,6,House of Representatives,Representative,https://api.congress.gov/v3/member/R000619?format=json,True,2025-07-30T04:06:25.436860
K000402,"Kennedy, Timothy M.",Timothy M.,Kennedy,Democratic,New York,26,House of Representatives,Representative,https://api.congress.gov/v3/member/K000402?format=json,True,2025-07-30T04:06:25.436862
S001223,"Sykes, Emilia Strong",Emilia Strong,Sykes,Democratic,Ohio,13,House of Representatives,Representative,https://api.congress.gov/v3/member/S001223?format=json,True,2025-07-30T04:06:25.436865
M001222,"Miller, Max L.",Max L.,Miller,Republican,Ohio,7,House of Representatives,Representative,https://api.congress.gov/v3/member/M001222?format=json,True,2025-07-30T04:06:25.436868
L000599,"Lawler, Michael",Michael,Lawler,Republican,New York,17,House of Representatives,Representative,https://api.congress.gov/v3/member/L000599?format=json,True,2025-07-30T04:06:25.436870
L000600,"Langworthy, Nicholas A.",Nicholas A.,Langworthy,Republican,New York,23,House of Representatives,Representative,https://api.congress.gov/v3/member/L000600?format=json,True,2025-07-30T04:06:25.436873
L000601,"Landsman, Greg",Greg,Landsman,Democratic,Ohio,1,House of Representatives,Representative,https://api.congress.gov/v3/member/L000601?format=json,True,2025-07-30T04:06:25.436876
R000579,"Ryan, Patrick",Patrick,Ryan,Democratic,New York,18,House of Representatives,Representative,https://api.congress.gov/v3/member/R000579?format=json,True,2025-07-30T04:06:25.436878
C001126,"Carey, Mike",Mike,Carey,Republican,Ohio,15,House of Representatives,Representative,https://api.congress.gov/v3/member/C001126?format=json,True,2025-07-30T04:06:25.436881
B001313,"Brown, Shontel M.",Shontel M.,Brown,Democratic,Ohio,11,House of Representatives,Representative,https://api.congress.gov/v3/member/B001313?format=json,True,2025-07-30T04:06:25.436884
T000486,"Torres, Ritchie",Ritchie,Torres,Democratic,New York,15,House of Representatives,Representative,https://api.congress.gov/v3/member/T000486?format=json,True,2025-07-30T04:06:25.436888
O000172,"Ocasio-Cortez, Alexandria",Alexandria,Ocasio-Cortez,Democratic,New York,14,House of Representatives,Representative,https://api.congress.gov/v3/member/O000172?format=json,True,2025-07-30T04:06:25.436891
M001206,"Morelle, Joseph D.",Joseph D.,Morelle,Democratic,New York,25,House of Representatives,Representative,https://api.congress.gov/v3/member/M001206?format=json,True,2025-07-30T04:06:25.436895
B001306,"Balderson, Troy",Troy,Balderson,Republican,Ohio,12,House of Representatives,Representative,https://api.congress.gov/v3/member/B001306?format=json,True,2025-07-30T04:06:25.436898
T000478,"Tenney, Claudia",Claudia,Tenney,Republican,New York,24,House of Representatives,Representative,https://api.congress.gov/v3/member/T000478?format=json,True,2025-07-30T04:06:25.436900
E000297,"Espaillat, Adriano",Adriano,Espaillat,Democratic,New York,13,House of Representatives,Representative,https://api.congress.gov/v3/member/E000297?format=json,True,2025-07-30T04:06:25.436903
D000626,"Davidson, Warren",Warren,Davidson,Republican,Ohio,8,House of Representatives,Representative,https://api.congress.gov/v3/member/D000626?format=json,True,2025-07-30T04:06:25.436906
S001196,"Stefanik, Elise M.",Elise M.,Stefanik,Republican,New York,21,House of Representatives,Representative,https://api.congress.gov/v3/member/S001196?format=json,True,2025-07-30T04:06:25.436908
J000295,"Joyce, David P.",David P.,Joyce,Republican,Ohio,14,House of Representatives,Representative,https://api.congress.gov/v3/member/J000295?format=json,True,2025-07-30T04:06:25.436911
B001281,"Beatty, Joyce",Joyce,Beatty,Democratic,Ohio,3,House of Representatives,Representative,https://api.congress.gov/v3/member/B001281?format=json,True,2025-07-30T04:06:25.436914
L000566,"Latta, Robert E.",Robert E.,Latta,Republican,Ohio,5,House of Representatives,Representative,https://api.congress.gov/v3/member/L000566?format=json,True,2025-07-30T04:06:25.436917
J000289,"Jordan, Jim",Jim,Jordan,Republican,Ohio,4,House of Representatives,Representative,https://api.congress.gov/v3/member/J000289?format=json,True,2025-07-30T04:06:25.436919
T000469,"Tonko, Paul",Paul,Tonko,Democratic,New York,20,House of Representatives,Representative,https://api.congress.gov/v3/member/T000469?format=json,True,2025-07-30T04:06:25.436922
N000002,"Nadler, Jerrold",Jerrold,Nadler,Democratic,New York,12,House of Representatives,Representative,https://api.congress.gov/v3/member/N000002?format=json,True,2025-07-30T04:06:25.436925
T000463,"Turner, Michael R.",Michael R.,Turner,Republican,Ohio,10,House of Representatives,Representative,https://api.congress.gov/v3/member/T000463?format=json,True,2025-07-30T04:06:25.436927
K000009,"Kaptur, Marcy",Marcy,Kaptur,Democratic,Ohio,9,House of Representatives,Representative,https://api.congress.gov/v3/member/K000009?format=json,True,2025-07-30T04:06:25.436930
P000621,"Pou, Nellie",Nellie,Pou,Democratic,New Jersey,9,House of Representatives,Representative,https://api.congress.gov/v3/member/P000621?format=json,True,2025-07-30T04:06:25.436932
G000604,"Goodlander, Maggie",Maggie,Goodlander,Democratic,New Hampshire,2,House of Representatives,Representative,https://api.congress.gov/v3/member/G000604?format=json,True,2025-07-30T04:06:25.436935
G000602,"Gillen, Laura",Laura,Gillen,Democratic,New York,4,House of Representatives,Representative,https://api.congress.gov/v3/member/G000602?format=json,True,2025-07-30T04:06:25.436938
C001136,"Conaway, Herbert C.",Herbert C.,Conaway,Democratic,New Jersey,3,House of Representatives,Representative,https://api.congress.gov/v3/member/C001136?format=json,True,2025-07-30T04:06:25.436940
V000136,"Vasquez, Gabe",Gabe,Vasquez,Democratic,New Mexico,2,House of Representatives,Representative,https://api.congress.gov/v3/member/V000136?format=json,True,2025-07-30T04:06:25.436943
L000598,"LaLota, Nick",Nick,LaLota,Republican,New York,1,House of Representatives,Representative,https://api.congress.gov/v3/member/L000598?format=json,True,2025-07-30T04:06:25.436946
K000398,"Kean, Thomas H.",Thomas H.,Kean,Republican,New Jersey,7,House of Representatives,Representative,https://api.congress.gov/v3/member/K000398?format=json,True,2025-07-30T04:06:25.436948
G000599,"Goldman, Daniel S.",Daniel S.,Goldman,Democratic,New York,10,House of Representatives,Representative,https://api.congress.gov/v3/member/G000599?format=json,True,2025-07-30T04:06:25.436953
S001218,"Stansbury, Melanie A.",Melanie A.,Stansbury,Democratic,New Mexico,1,House of Representatives,Representative,https://api.congress.gov/v3/member/S001218?format=json,True,2025-07-30T04:06:25.436955
M000317,"Malliotakis, Nicole",Nicole,Malliotakis,Republican,New York,11,House of Representatives,Representative,https://api.congress.gov/v3/member/M000317?format=json,True,2025-07-30T04:06:25.436958
L000273,"Leger Fernandez, Teresa",Teresa,Leger Fernandez,Democratic,New Mexico,3,House of Representatives,Representative,https://api.congress.gov/v3/member/L000273?format=json,True,2025-07-30T04:06:25.436961
G000597,"Garbarino, Andrew R.",Andrew R.,Garbarino,Republican,New York,2,House of Representatives,Representative,https://api.congress.gov/v3/member/G000597?format=json,True,2025-07-30T04:06:25.436963
L000590,"Lee, Susie",Susie,Lee,Democratic,Nevada,3,House of Representatives,Representative,https://api.congress.gov/v3/member/L000590?format=json,True,2025-07-30T04:06:25.436966
S001207,"Sherrill, Mikie",Mikie,Sherrill,Democratic,New Jersey,11,House of Representatives,Representative,https://api.congress.gov/v3/member/S001207?format=json,True,2025-07-30T04:06:25.436969
V000133,"Van Drew, Jefferson",Jefferson,Van Drew,Republican,New Jersey,2,House of Representatives,Representative,https://api.congress.gov/v3/member/V000133?format=json,True,2025-07-30T04:06:25.436971
P000614,"Pappas, Chris",Chris,Pappas,Democratic,New Hampshire,1,House of Representatives,Representative,https://api.congress.gov/v3/member/P000614?format=json,True,2025-07-30T04:06:25.436974
S001201,"Suozzi, Thomas R.",Thomas R.,Suozzi,Democratic,New York,3,House of Representatives,Representative,https://api.congress.gov/v3/member/S001201?format=json,True,2025-07-30T04:06:25.436976
G000583,"Gottheimer, Josh",Josh,Gottheimer,Democratic,New Jersey,5,House of Representatives,Representative,https://api.congress.gov/v3/member/G000583?format=json,True,2025-07-30T04:06:25.436979
W000822,"Watson Coleman, Bonnie",Bonnie,Watson Coleman,Democratic,New Jersey,12,House of Representatives,Representative,https://api.congress.gov/v3/member/W000822?format=json,True,2025-07-30T04:06:25.436982
N000188,"Norcross, Donald",Donald,Norcross,Democratic,New Jersey,1,House of Representatives,Representative,https://api.congress.gov/v3/member/N000188?format=json,True,2025-07-30T04:06:25.436984
J000294,"Jeffries, Hakeem S.",Hakeem S.,Jeffries,Democratic,New York,8,House of Representatives,Representative,https://api.congress.gov/v3/member/J000294?format=json,True,2025-07-30T04:06:25.436987
M001188,"Meng, Grace",Grace,Meng,Democratic,New York,6,House of Representatives,Representative,https://api.congress.gov/v3/member/M001188?format=json,True,2025-07-30T04:06:25.436990
H001066,"Horsford, Steven",Steven,Horsford,Democratic,Nevada,4,House of Representatives,Representative,https://api.congress.gov/v3/member/H001066?format=json,True,2025-07-30T04:06:25.436993
A000369,"Amodei, Mark E.",Mark E.,Amodei,Republican,Nevada,2,House of Representatives,Representative,https://api.congress.gov/v3/member/A000369?format=json,True,2025-07-30T04:06:25.436995
C001067,"Clarke, Yvette D.",Yvette D.,Clarke,Democratic,New York,9,House of Representatives,Representative,https://api.congress.gov/v3/member/C001067?format=json,True,2025-07-30T04:06:25.436998
T000468,"Titus, Dina",Dina,Titus,Democratic,Nevada,1,House of Representatives,Representative,https://api.congress.gov/v3/member/T000468?format=json,True,2025-07-30T04:06:25.437001
P000034,"Pallone, Frank",Frank,Pallone,Democratic,New Jersey,6,House of Representatives,Representative,https://api.congress.gov/v3/member/P000034?format=json,True,2025-07-30T04:06:25.437003
M001137,"Meeks, Gregory W.",Gregory W.,Meeks,Democratic,New York,5,House of Representatives,Representative,https://api.congress.gov/v3/member/M001137?format=json,True,2025-07-30T04:06:25.437006
V000081,"Velázquez, Nydia M.",Nydia M.,Velázquez,Democratic,New York,7,House of Representatives,Representative,https://api.congress.gov/v3/member/V000081?format=json,True,2025-07-30T04:06:25.437009
S000522,"Smith, Christopher H.",Christopher H.,Smith,Republican,New Jersey,4,House of Representatives,Representative,https://api.congress.gov/v3/member/S000522?format=json,True,2025-07-30T04:06:25.437013
M001240,"McDowell, Addison P.",Addison P.,McDowell,Republican,North Carolina,6,House of Representatives,Representative,https://api.congress.gov/v3/member/M001240?format=json,True,2025-07-30T04:06:25.437016
M001236,"Moore, Tim",Tim,Moore,Republican,North Carolina,14,House of Representatives,Representative,https://api.congress.gov/v3/member/M001236?format=json,True,2025-07-30T04:06:25.437019
K000405,"Knott, Brad",Brad,Knott,Republican,North Carolina,13,House of Representatives,Representative,https://api.congress.gov/v3/member/K000405?format=json,True,2025-07-30T04:06:25.437021
H001102,"Harris, Mark",Mark,Harris,Republican,North Carolina,8,House of Representatives,Representative,https://api.congress.gov/v3/member/H001102?format=json,True,2025-07-30T04:06:25.437024
H001101,"Harrigan, Pat",Pat,Harrigan,Republican,North Carolina,10,House of Representatives,Representative,https://api.congress.gov/v3/member/H001101?format=json,True,2025-07-30T04:06:25.437026
F000482,"Fedorchak, Julie",Julie,Fedorchak,Republican,North Dakota,,House of Representatives,Representative,https://api.congress.gov/v3/member/F000482?format=json,True,2025-07-30T04:06:25.437029
E000246,"Edwards, Chuck",Chuck,Edwards,Republican,North Carolina,11,House of Representatives,Representative,https://api.congress.gov/v3/member/E000246?format=json,True,2025-07-30T04:06:25.437033
F000474,"Flood, Mike",Mike,Flood,Republican,Nebraska,1,House of Representatives,Representative,https://api.congress.gov/v3/member/F000474?format=json,True,2025-07-30T04:06:25.437036
B001298,"Bacon, Don",Don,Bacon,Republican,Nebraska,2,House of Representatives,Representative,https://api.congress.gov/v3/member/B001298?format=json,True,2025-07-30T04:06:25.437039
R000603,"Rouzer, David",David,Rouzer,Republican,North Carolina,7,House of Representatives,Representative,https://api.congress.gov/v3/member/R000603?format=json,True,2025-07-30T04:06:25.437041
A000370,"Adams, Alma S.",Alma S.,Adams,Democratic,North Carolina,12,House of Representatives,Representative,https://api.congress.gov/v3/member/A000370?format=json,True,2025-07-30T04:06:25.437044
H001067,"Hudson, Richard",Richard,Hudson,Republican,North Carolina,9,House of Representatives,Representative,https://api.congress.gov/v3/member/H001067?format=json,True,2025-07-30T04:06:25.437047
S001172,"Smith, Adrian",Adrian,Smith,Republican,Nebraska,3,House of Representatives,Representative,https://api.congress.gov/v3/member/S001172?format=json,True,2025-07-30T04:06:25.437049
F000450,"Foxx, Virginia",Virginia,Foxx,Republican,North Carolina,5,House of Representatives,Representative,https://api.congress.gov/v3/member/F000450?format=json,True,2025-07-30T04:06:25.437052
O000177,"Onder, Robert F.",Robert F.,Onder,Republican,Missouri,3,House of Representatives,Representative,https://api.congress.gov/v3/member/O000177?format=json,True,2025-07-30T04:06:25.437054
M001234,"Morrison, Kelly",Kelly,Morrison,Democratic,Minnesota,3,House of Representatives,Representative,https://api.congress.gov/v3/member/M001234?format=json,True,2025-07-30T04:06:25.437057
K000404,"King-Hinds, Kimberlyn",Kimberlyn,King-Hinds,Republican,Northern Mariana Islands,,House of Representatives,Representative,https://api.congress.gov/v3/member/K000404?format=json,True,2025-07-30T04:06:25.437060
D000634,"Downing, Troy",Troy,Downing,Republican,Montana,2,House of Representatives,Representative,https://api.congress.gov/v3/member/D000634?format=json,True,2025-07-30T04:06:25.437062
B001324,"Bell, Wesley",Wesley,Bell,Democratic,Missouri,1,House of Representatives,Representative,https://api.congress.gov/v3/member/B001324?format=json,True,2025-07-30T04:06:25.437065
J000307,"James, John",John,James,Republican,Michigan,10,House of Representatives,Representative,https://api.congress.gov/v3/member/J000307?format=json,True,2025-07-30T04:06:25.437067
E000235,"Ezell, Mike",Mike,Ezell,Republican,Mississippi,4,House of Representatives,Representative,https://api.congress.gov/v3/member/E000235?format=json,True,2025-07-30T04:06:25.437072
D000230,"Davis, Donald G.",Donald G.,Davis,Democratic,North Carolina,1,House of Representatives,Representative,https://api.congress.gov/v3/member/D000230?format=json,True,2025-07-30T04:06:25.437074
B001316,"Burlison, Eric",Eric,Burlison,Republican,Missouri,7,House of Representatives,Representative,https://api.congress.gov/v3/member/B001316?format=json,True,2025-07-30T04:06:25.437077
A000379,"Alford, Mark",Mark,Alford,Republican,Missouri,4,House of Representatives,Representative,https://api.congress.gov/v3/member/A000379?format=json,True,2025-07-30T04:06:25.437080
F000475,"Finstad, Brad",Brad,Finstad,Republican,Minnesota,1,House of Representatives,Representative,https://api.congress.gov/v3/member/F000475?format=json,True,2025-07-30T04:06:25.437082
R000305,"Ross, Deborah K.",Deborah K.,Ross,Democratic,North Carolina,2,House of Representatives,Representative,https://api.congress.gov/v3/member/R000305?format=json,True,2025-07-30T04:06:25.437085
F000470,"Fischbach, Michelle",Michelle,Fischbach,Republican,Minnesota,7,House of Representatives,Representative,https://api.congress.gov/v3/member/F000470?format=json,True,2025-07-30T04:06:25.437088
M001210,"Murphy, Gregory F.",Gregory F.,Murphy,Republican,North Carolina,3,House of Representatives,Representative,https://api.congress.gov/v3/member/M001210?format=json,True,2025-07-30T04:06:25.437090
G000591,"Guest, Michael",Michael,Guest,Republican,Mississippi,3,House of Representatives,Representative,https://api.congress.gov/v3/member/G000591?format=json,True,2025-07-30T04:06:25.437093
S001212,"Stauber, Pete",Pete,Stauber,Republican,Minnesota,8,House of Representatives,Representative,https://api.congress.gov/v3/member/S001212?format=json,True,2025-07-30T04:06:25.437096
O000173,"Omar, Ilhan",Ilhan,Omar,Democratic,Minnesota,5,House of Representatives,Representative,https://api.congress.gov/v3/member/O000173?format=json,True,2025-07-30T04:06:25.437098
C001119,"Craig, Angie",Angie,Craig,Democratic,Minnesota,2,House of Representatives,Representative,https://api.congress.gov/v3/member/C001119?format=json,True,2025-07-30T04:06:25.437101
T000481,"Tlaib, Rashida",Rashida,Tlaib,Democratic,Michigan,12,House of Representatives,Representative,https://api.congress.gov/v3/member/T000481?format=json,True,2025-07-30T04:06:25.437104
S001215,"Stevens, Haley M.",Haley M.,Stevens,Democratic,Michigan,11,House of Representatives,Representative,https://api.congress.gov/v3/member/S001215?format=json,True,2025-07-30T04:06:25.437106
K000388,"Kelly, Trent",Trent,Kelly,Republican,Mississippi,1,House of Representatives,Representative,https://api.congress.gov/v3/member/K000388?format=json,True,2025-07-30T04:06:25.437109
Z000018,"Zinke, Ryan K.",Ryan K.,Zinke,Republican,Montana,1,House of Representatives,Representative,https://api.congress.gov/v3/member/Z000018?format=json,True,2025-07-30T04:06:25.437111
E000294,"Emmer, Tom",Tom,Emmer,Republican,Minnesota,6,House of Representatives,Representative,https://api.congress.gov/v3/member/E000294?format=json,True,2025-07-30T04:06:25.437114
W000812,"Wagner, Ann",Ann,Wagner,Republican,Missouri,2,House of Representatives,Representative,https://api.congress.gov/v3/member/W000812?format=json,True,2025-07-30T04:06:25.437117
S001195,"Smith, Jason",Jason,Smith,Republican,Missouri,8,House of Representatives,Representative,https://api.congress.gov/v3/member/S001195?format=json,True,2025-07-30T04:06:25.437119
T000193,"Thompson, Bennie G.",Bennie G.,Thompson,Democratic,Mississippi,2,House of Representatives,Representative,https://api.congress.gov/v3/member/T000193?format=json,True,2025-07-30T04:06:25.437122
